model,MAE,RMSE,R2,MAPE_%,n_eval
StackedGRU_L5_64_32 (growth),28247.298828125,40699.7796554232,0.8635796210924527,15.678778648376465,11
