model,MAE,RMSE,R2,MAPE_%,n_eval
LSTM_L5_U64 (growth),36417.68359375,47817.42075854782,0.8116925812835164,19.345144271850586,11
