model,MAE,RMSE,R2,MAPE_%,n_eval
TCN_L5_F64_K3 (growth),29732.3828125,44913.16564215887,0.8338721414725562,17.49193572998047,11
