model,MAE,RMSE,R2,MAPE_%,n_eval
Ensemble_DL3 (resid+emb),25727.25,36022.51207231389,0.893133124863343,13.633431434631348,11
