model,MAE,RMSE,R2,MAPE_%,n_eval
BiGRU_L5_U64 (growth),34710.50390625,49100.475598511264,0.8014515313405712,20.590120315551758,11
