model,MAE,RMSE,R2,MAPE_%,n_eval
GRU_L5_U64 (growth),36470.91015625,46605.39093280948,0.821117675758939,25.469816207885742,11
