model,n_eval,MAE,RMSE,R2,MAPE_%
Naive_Lag1,11,22696.873636363638,33404.00300277621,0.9081049564981454,12.774786390926588
LinearRegression,11,23256.136969688585,27133.149204853715,0.9393688974720023,23.561556103822117
Ridge,11,24358.80153846041,28983.020707102278,0.9308197138883927,22.826874365521135
GBM,11,13344.972026515276,16743.237586386385,0.9769126578361669,9.394340259277824
