model,MAE,RMSE,R2,MAPE_%,n_eval
"GRU_seq(L=3,U=32)",167469.65625,200467.6261145425,-2.309661352553539,99.99530792236328,11
